{
  "project_info": {
    "project_number": "155766867660",
    "project_id": "login-fb765",
    "storage_bucket": "login-fb765.appspot.com"
  },
  "client": [
    {
      "client_info": {
        "mobilesdk_app_id": "1:155766867660:android:fc5a95503b8a482d366469",
        "android_client_info": {
          "package_name": "com.example.login"
        }
      },
      "oauth_client": [
        {
          "client_id": "155766867660-upa0c5qvmps4qb1uk382lhkdfktgd35i.apps.googleusercontent.com",
          "client_type": 3
        }
      ],
      "api_key": [
        {
          "current_key": "AIzaSyA-kaGIcjOdk6Z8VA6UTxLBYZIi3v2nyoU"
        }
      ],
      "services": {
        "appinvite_service": {
          "other_platform_oauth_client": [
            {
              "client_id": "155766867660-upa0c5qvmps4qb1uk382lhkdfktgd35i.apps.googleusercontent.com",
              "client_type": 3
            }
          ]
        }
      }
    }
  ],
  "configuration_version": "1"
}